populationsize,NoOfgeneration,Time
100,100,2.5705463886260986
200,100,5.121647834777832
300,100,8.04862666130066
400,100,11.50379228591919
500,100,13.65686821937561
100,200,5.527947425842285
100,500,13.124013423919678
200,300,15.652538061141968
300,300,24.11187505722046
300,400,31.575681447982788
400,200,23.201566219329834
400,400,43.1355037689209
500,100,14.306999444961548
500,500,70.55425190925598